[["workbench.workspaceFirstOpen","false"],["workbench.panel.markers","{\"workbench.panel.markers.view\":{\"collapsed\":false,\"isHidden\":true}}"],["workbench.panel.output","{\"workbench.panel.output\":{\"collapsed\":false,\"isHidden\":true}}"],["workbench.panel.terminal","{\"workbench.panel.terminal\":{\"collapsed\":false,\"isHidden\":true}}"],["workbench.panel.repl","{\"workbench.panel.repl.view\":{\"collapsed\":false,\"isHidden\":true}}"],["workbench.view.search.state","{\"workbench.view.search\":{\"collapsed\":false,\"isHidden\":true}}"],["workbench.explorer.views.state","{\"outline\":{\"collapsed\":true,\"isHidden\":true,\"size\":22},\"timeline\":{\"collapsed\":true,\"isHidden\":true,\"size\":22},\"workbench.explorer.openEditorsView\":{\"collapsed\":false,\"isHidden\":true,\"size\":22},\"workbench.explorer.fileView\":{\"collapsed\":false,\"isHidden\":true,\"size\":846},\"npm\":{\"collapsed\":true,\"isHidden\":true}}"],["output.activechannel","tasks"],["debug.selectedroot","vscode-remote://192.168.117.98:8870/home/Samples/.vscode/launch.json"],["workbench.view.debug.state","{\"workbench.debug.variablesView\":{\"collapsed\":false,\"isHidden\":true},\"workbench.debug.welcome\":{\"collapsed\":false,\"isHidden\":true},\"workbench.debug.watchExpressionsView\":{\"collapsed\":false,\"isHidden\":true},\"workbench.debug.callStackView\":{\"collapsed\":false,\"isHidden\":true},\"workbench.debug.loadedScriptsView\":{\"collapsed\":true,\"isHidden\":true},\"workbench.debug.breakPointsView\":{\"collapsed\":false,\"isHidden\":true},\"jsBrowserBreakpoints\":{\"collapsed\":true,\"isHidden\":true}}"],["resource.authority.os.192.168.117.98:8870","3"],["workbench.centerededitorlayout.active","false"],["history.entries","[{\"editorInputJSON\":{\"typeId\":\"workbench.editors.welcomePageInput\",\"deserialized\":\"{}\"}},{\"resourceJSON\":{\"$mid\":1,\"fsPath\":\"\\\\home\\\\doc\\\\guide.md\",\"_sep\":1,\"external\":\"vscode-remote://192.168.117.98:8870/home/doc/guide.md\",\"path\":\"/home/doc/guide.md\",\"scheme\":\"vscode-remote\",\"authority\":\"192.168.117.98:8870\"}}]"],["workbench.view.explorer.numberOfVisibleViews","4"],["workbench.explorer.treeViewState","{\"focus\":[],\"selection\":[],\"expanded\":[],\"scrollTop\":0}"],["memento/workbench.editor.walkThroughPart","{\"walkThroughEditorViewState\":[[\"walkThrough://192.168.117.98:8870/codeserver/static/48f7c2724827e526eeaa6c2c151c520f48a61259/lib/vscode/out/vs/workbench/contrib/welcome/page/browser/vs_code_welcome_page?%7B%22moduleId%22%3A%22vs%2Fworkbench%2Fcontrib%2Fwelcome%2Fpage%2Fbrowser%2Fvs_code_welcome_page%22%7D\",{\"0\":{\"viewState\":{\"scrollTop\":0,\"scrollLeft\":0}}}]]}"],["workbench.view.extensions.state","{\"extensions.enabledExtensionList\":{\"collapsed\":false,\"isHidden\":true},\"extensions.popularExtensionsList\":{\"collapsed\":false,\"isHidden\":true,\"size\":849},\"extensions.enabledExtensionList2\":{\"collapsed\":false,\"isHidden\":true},\"extensions.workspaceRecommendedList\":{\"collapsed\":false,\"isHidden\":true},\"extensions.192.168.117.98:8870.default\":{\"collapsed\":false,\"isHidden\":false,\"size\":435},\"extensions.recommendedList\":{\"collapsed\":true,\"isHidden\":true,\"size\":22},\"extensions.otherrecommendedList\":{\"collapsed\":false,\"isHidden\":true},\"extensions.disabledExtensionList\":{\"collapsed\":true,\"isHidden\":true},\"extensions.disabledExtensionList2\":{\"collapsed\":true,\"isHidden\":true},\"extensions.listView\":{\"collapsed\":false,\"isHidden\":true},\"extensions.builtInExtensionsList\":{\"collapsed\":false,\"isHidden\":true},\"extensions.builtInBasicsExtensionsList\":{\"collapsed\":false,\"isHidden\":true},\"extensions.builtInThemesExtensionsList\":{\"collapsed\":false,\"isHidden\":true},\"extensions.192.168.117.98:8870.installed\":{\"collapsed\":false,\"isHidden\":false},\"extensions.192.168.117.98:8870.outdated\":{\"collapsed\":false,\"isHidden\":false}}"],["workbench.view.extensions.numberOfVisibleViews","1"],["memento/workbench.view.extensions","{\"query.value\":\"\"}"],["memento/workbench.editor.settings2","{\"settingsEditorState\":[[\"vscode-settings:settingseditor\",{}]]}"],["memento/workbench.editors.files.textFileEditor","{\"textEditorViewState\":[[\"vscode-remote://192.168.117.98:8870/home/doc/guide.md\",{\"0\":{\"cursorState\":[{\"inSelectionMode\":false,\"selectionStart\":{\"lineNumber\":1,\"column\":1},\"position\":{\"lineNumber\":1,\"column\":1}}],\"viewState\":{\"scrollLeft\":0,\"firstPosition\":{\"lineNumber\":1,\"column\":1},\"firstPositionDeltaTop\":0},\"contributionsState\":{\"editor.contrib.folding\":{\"lineCount\":56,\"provider\":\"indent\"},\"editor.contrib.wordHighlighter\":false}}}]]}"],["memento/workbench.parts.editor","{\"editorpart.state\":{\"serializedGrid\":{\"root\":{\"type\":\"branch\",\"data\":[{\"type\":\"leaf\",\"data\":{\"id\":0,\"editors\":[{\"id\":\"workbench.editors.welcomePageInput\",\"value\":\"{}\"}],\"mru\":[0],\"preview\":0},\"size\":947}],\"size\":1555},\"orientation\":0,\"width\":1555,\"height\":947},\"activeGroup\":0,\"mostRecentActiveGroups\":[0]}}"],["editors.mru","{\"entries\":[{\"groupId\":0,\"index\":0}]}"]]