[["workbench.workspaceFirstOpen","true"],["workbench.panel.repl","{\"workbench.panel.repl.view\":{\"collapsed\":false,\"isHidden\":false}}"],["workbench.panel.markers","{\"workbench.panel.markers.view\":{\"collapsed\":false,\"isHidden\":false}}"],["workbench.panel.output","{\"workbench.panel.output\":{\"collapsed\":false,\"isHidden\":false}}"],["workbench.panel.terminal","{\"workbench.panel.terminal\":{\"collapsed\":false,\"isHidden\":false}}"],["workbench.explorer.views.state","{\"outline\":{\"collapsed\":true,\"isHidden\":false},\"timeline\":{\"collapsed\":true,\"isHidden\":false},\"workbench.explorer.openEditorsView\":{\"collapsed\":false,\"isHidden\":false},\"workbench.explorer.emptyView\":{\"collapsed\":false,\"isHidden\":false},\"npm\":{\"collapsed\":true,\"isHidden\":false}}"],["workbench.view.search.state","{\"workbench.view.search\":{\"collapsed\":false,\"isHidden\":false}}"],["output.activechannel","tasks"],["debug.selectedroot","vscode-userdata:/User/settings.json"],["workbench.view.debug.state","{\"workbench.debug.variablesView\":{\"collapsed\":false,\"isHidden\":false},\"workbench.debug.welcome\":{\"collapsed\":false,\"isHidden\":false},\"workbench.debug.watchExpressionsView\":{\"collapsed\":false,\"isHidden\":false},\"workbench.debug.callStackView\":{\"collapsed\":false,\"isHidden\":false},\"workbench.debug.loadedScriptsView\":{\"collapsed\":true,\"isHidden\":false},\"workbench.debug.breakPointsView\":{\"collapsed\":false,\"isHidden\":false},\"jsBrowserBreakpoints\":{\"collapsed\":true,\"isHidden\":false}}"],["resource.authority.os.192.168.117.98:8777","3"],["workbench.centerededitorlayout.active","false"],["memento/workbench.parts.editor","{\"editorpart.state\":{\"serializedGrid\":{\"root\":{\"type\":\"branch\",\"data\":[{\"type\":\"leaf\",\"data\":{\"id\":0,\"editors\":[{\"id\":\"workbench.editors.untitledEditorInput\",\"value\":\"{\\\"resourceJSON\\\":{\\\"$mid\\\":1,\\\"fsPath\\\":\\\"Untitled-1\\\",\\\"_sep\\\":1,\\\"external\\\":\\\"untitled:Untitled-1\\\",\\\"path\\\":\\\"Untitled-1\\\",\\\"scheme\\\":\\\"untitled\\\"}}\"},{\"id\":\"workbench.editors.files.fileEditorInput\",\"value\":\"{\\\"resourceJSON\\\":{\\\"$mid\\\":1,\\\"fsPath\\\":\\\"\\\\\\\\root\\\\\\\\.bashrc\\\",\\\"_sep\\\":1,\\\"external\\\":\\\"vscode-remote://192.168.117.98:8777/root/.bashrc\\\",\\\"path\\\":\\\"/root/.bashrc\\\",\\\"scheme\\\":\\\"vscode-remote\\\",\\\"authority\\\":\\\"192.168.117.98:8777\\\"},\\\"encoding\\\":\\\"utf8\\\"}\"}],\"mru\":[1,0]},\"size\":565.3333333333333}],\"size\":1697},\"orientation\":0,\"width\":1697,\"height\":565.3333333333333},\"activeGroup\":0,\"mostRecentActiveGroups\":[0]}}"],["editors.mru","{\"entries\":[{\"groupId\":0,\"index\":1},{\"groupId\":0,\"index\":0}]}"],["history.entries","[{\"resourceJSON\":{\"$mid\":1,\"fsPath\":\"\\\\root\\\\.bashrc\",\"_sep\":1,\"external\":\"vscode-remote://192.168.117.98:8777/root/.bashrc\",\"path\":\"/root/.bashrc\",\"scheme\":\"vscode-remote\",\"authority\":\"192.168.117.98:8777\"}},{\"editorInputJSON\":{\"typeId\":\"workbench.editors.untitledEditorInput\",\"deserialized\":\"{\\\"resourceJSON\\\":{\\\"$mid\\\":1,\\\"fsPath\\\":\\\"Untitled-1\\\",\\\"_sep\\\":1,\\\"external\\\":\\\"untitled:Untitled-1\\\",\\\"path\\\":\\\"Untitled-1\\\",\\\"scheme\\\":\\\"untitled\\\"}}\"}}]"],["memento/workbench.editor.walkThroughPart","{\"walkThroughEditorViewState\":[]}"],["memento/workbench.editors.textResourceEditor","{\"textEditorViewState\":[[\"untitled:Untitled-1\",{\"0\":{\"cursorState\":[{\"inSelectionMode\":false,\"selectionStart\":{\"lineNumber\":1,\"column\":1},\"position\":{\"lineNumber\":1,\"column\":1}}],\"viewState\":{\"scrollLeft\":0,\"firstPosition\":{\"lineNumber\":1,\"column\":1},\"firstPositionDeltaTop\":0},\"contributionsState\":{\"editor.contrib.folding\":{\"lineCount\":1,\"provider\":\"indent\"},\"editor.contrib.wordHighlighter\":false}}}]]}"],["memento/workbench.editors.files.textFileEditor","{\"textEditorViewState\":[[\"vscode-remote://192.168.117.98:8777/root/.bashrc\",{\"0\":{\"cursorState\":[{\"inSelectionMode\":false,\"selectionStart\":{\"lineNumber\":90,\"column\":32},\"position\":{\"lineNumber\":90,\"column\":32}}],\"viewState\":{\"scrollLeft\":0,\"firstPosition\":{\"lineNumber\":85,\"column\":1},\"firstPositionDeltaTop\":-4},\"contributionsState\":{\"editor.contrib.folding\":{\"lineCount\":109,\"provider\":\"indent\"},\"editor.contrib.wordHighlighter\":true}}}]]}"],["workbench.panel.hidden","false"],["workbench.panel.markers.numberOfVisibleViews","1"],["memento/workbench.panel.markers","{\"filter\":\"\",\"filterHistory\":[],\"showErrors\":true,\"showWarnings\":true,\"showInfos\":true,\"useFilesExclude\":false,\"activeFile\":false,\"multiline\":true}"],["workbench.panel.terminal.numberOfVisibleViews","1"]]