{"vs/base/common/date":["{0} 后","现在","{0} 秒前","{0} 秒前","{0} 秒","{0} 秒","{0} 分钟前","{0} 分钟前","{0} 分钟","{0} 分钟","{0} 小时前","{0} 小时前","{0} 小时","{0} 小时","{0} 天前","{0} 天前","{0} 天","{0} 天","{0} 周前","{0} 周前","{0} 周","{0} 周","{0} 个月前","{0} 个月前","{0} 个月","{0} 个月","{0} 年前","{0} 年前","{0} 年","{0} 年"],"vs/base/common/errorMessage":["{0}: {1}","发生了系统错误 ({0})","出现未知错误。有关详细信息，请参阅日志。","出现未知错误。有关详细信息，请参阅日志。","{0} 个(共 {1} 个错误)","出现未知错误。有关详细信息，请参阅日志。"],"vs/base/common/jsonErrorMessages":["无效符号","数字格式无效","需要属性名","需要值","需要冒号","需要逗号","需要右大括号","需要右括号","文件应结束"],"vs/base/common/severity":["错误","警告","信息"],"vs/base/node/processes":["无法在 UNC 驱动器上执行 Shell 命令。"],"vs/base/node/zip":["提取 {0} 时出错。文件无效。","解压不完整。找到了 {0} / {1} 个项目","在 Zip 中找不到 {0}。"],"vs/code/node/cliProcessMain":["找不到扩展“{0}”。","未安装扩展“{0}”。","确认使用了包括发布者在内的完整扩展 ID，例如: {0}","正在安装扩展...","未能安装扩展: {0}","已成功安装扩展“{0}”。","已取消安装扩展“{0}”。","已安装扩展“{0}”。","扩展“{0}”和“{1}”已经安装，但是市场上有一个更新版本的{2}。使用“--force”选项更新到新版本。","将扩展 \"{0}\" 更新到版本 {1}","已安装扩展“{0}”v{1} 的较新版本。请使用 \"--force\" 选项降级到旧版本。","正在安装扩展“{0}”v{1}...","已成功安装扩展“{0}”v{1}。","已取消安装扩展“{0}”。","正在卸载 {0}...","已成功卸载扩展“{0}”!"],"vs/platform/configuration/common/configurationRegistry":["默认配置替代","针对 {0} 语言，配置替代编辑器设置。","针对某种语言，配置替代编辑器设置。","此设置不支持按语言配置。","无法注册“{0}”。其符合描述特定语言编辑器设置的表达式 \"\\\\[.*\\\\]$\"。请使用 \"configurationDefaults\"。","无法注册“{0}”。此属性已注册。"],"vs/platform/extensionManagement/common/extensionManagement":["扩展","首选项"],"vs/platform/extensionManagement/node/extensionManagementService":["扩展无效: package.json 不是 JSON 文件。","无法安装扩展“{0}”，因为它与 VS Code“{1}”不兼容。","请在重新安装{0}之前重新启动 VS Code。","请在重新安装{0}之前重新启动 VS Code。","市场未启用","无法安装此扩展，它被报告存在问题。","无法安装“{0}”扩展，因为它与 VS Code 的当前版本(版本 {1})不兼容。","市场未启用","删除扩展时出错: {0}。请重启 VS Code，然后重试。","只能重新安装商店中的扩展","无法安装扩展。请在重启 VS Code 后重新安装。","无法安装扩展。请在重启 VS Code 后重新安装。","安装扩展“{1}”时无法删除现有文件夹“{0}”。请手动删除此文件夹，然后重试","无法从 {0} 读取扩展","将 {0} 重命名为 {1} 时发生未知错误","未安装扩展“{0}”。","无法卸载扩展程序“{0}”。扩展程序“{1}”依赖于此。","无法卸载扩展程序“{0}”。扩展程序“{1}”、“{2}”依赖于此。","无法卸载扩展程序“{0}”。扩展程序“{1}”、“{2}”以及其他扩展程序都依赖于此。","找不到扩展"],"vs/platform/extensionManagement/node/extensionManagementUtil":["VSIX 无效: package.json 不是 JSON 文件。"],"vs/platform/extensions/common/extensionValidator":["无法解析 \"engines.vscode\" 的值 {0}。请改为如 ^1.22.0, ^1.22.x 等。","\"engines.vscode\" ({0}) 中指定的版本不够具体。对于 1.0.0 之前的 vscode 版本，请至少定义主要和次要想要的版本。例如: ^0.10.0、0.10.x、0.11.0 等。","\"engines.vscode\" ({0}) 中指定的版本不够具体。对于 1.0.0 之后的 vscode 版本，请至少定义主要想要的版本。例如: ^1.10.0、1.10.x、1.x.x、2.x.x 等。","扩展与 Code {0} 不兼容。扩展需要: {1}。"],"vs/platform/files/common/fileService":["无法解析具有相对文件路径\"{0}\"的文件系统提供程序","未找到资源\"{0}\"的文件系统提供程序","无法解析不存在的文件\"{0}\"","如果未设置覆盖标志，则无法创建文件“{0}”，因为该文件已存在","无法写入文件\"{0}\"（{1}）","无法写入实际上是一个目录的文件\"{0}\"","自以下时间已修改的文件:","无法读取文件'{0}' ({1})","无法读取文件'{0}' ({1})","无法读取实际上是一个目录的文件\"{0}\"","自以下时间未修改的文件:","无法读取文件“{0}”，该文件太大，无法打开","当源\"{0}\"与目标\"{1}\"在不区分大小写的文件系统上具有不同路径大小写时，无法复制","当源\"{0}\"是目标\"{1}\"的父级时，无法移动/复制。","无法移动/复制\"{0}\"，因为目标\"{1}\"已存在于目标位置。","无法将\"{0}\"移动/复制到\"{1}\"中，因为文件将替换包含该文件的文件夹。","无法创建已存在但不是目录的文件夹\"{0}\"","无法通过回收站删除文件\"{0}\"，因为提供程序不支持它。","无法删除不存在的文件\"{0}\"","无法删除非空文件夹“{0}”。","无法修改只读文件\"{0}\""],"vs/platform/files/common/files":["未知错误"],"vs/platform/files/common/io":["要打开此大小的文件, 您需要重新启动并允许它使用更多内存","文件太大，无法打开"],"vs/platform/files/node/diskFileSystemProvider":["文件已存在","文件不存在","无法将 \"{0}\" 移动到 \"{1}\" ({2}) 中。","无法将 \"{0}\" 复制到 \"{1}\" ({2}) 中。","''文件不能复制到仅大小写不同的相同路径","目标处的文件已存在"],"vs/platform/request/common/request":["HTTP","要使用的代理设置。如果未设置，则将从 \"http_proxy\" 和 \"https_proxy\" 环境变量中继承。","控制是否根据提供的 CA 列表验证代理服务器证书。","要作为每个网络请求的 \"Proxy-Authorization\" 标头发送的值。","禁用对扩展的代理支持。","为扩展启用代理支持。","为扩展启用代理支持，覆盖请求选项。","对扩展使用代理支持。","控制是否应从操作系统加载 CA 证书。(在 Windows 和 macOS 上, 关闭此窗口后需要重新加载窗口)。"],"vs/platform/telemetry/common/telemetryService":["遥测","将使用数据和错误发送到 Microsoft 联机服务。"],"vs/server/node/marketplace":["Error extracting {0}. Invalid file."],"vs/workbench/services/extensions/node/extensionPoints":["无法解析 {0}: [{1}, {2}] {3}.","无法读取文件 {0}: {1}。","未能分析 {0}: {1}。","格式 {0} 无效: 应为 JSON 对象。","无法找到键 {0} 的消息。","扩展版本与 semver 不兼容。","已获得空扩展说明","属性 publisher 的类型必须是 \"string\"。","属性“{0}”是必需的，其类型必须是 \"string\"","属性“{0}”是必需的，其类型必须是 \"string\"","属性“{0}”是必要属性，其类型必须是 \"object\"","属性“{0}”是必需的，其类型必须是 \"string\"","属性“{0}”可以省略，否则其类型必须是 \"string[]\"","属性“{0}”可以省略，否则其类型必须是 \"string[]\"","必须同时指定或同时省略属性”{0}“和”{1}“","属性“{0}”可以省略，否则其类型必须是 \"string\"","应在扩展文件夹({1})中包含 \"main\" ({0})。这可能会使扩展不可移植。","必须同时指定或同时省略属性”{0}“和”{1}“"]}