{"zh-cn":{"hash":"5ff095becdc15f469beb3f3fd0352b69","extensions":[{"extensionIdentifier":{"id":"ms-ceintl.vscode-language-pack-zh-hans","uuid":"MS-CEINTL.vscode-language-pack-zh-hans"},"version":"1.45.1"}],"translations":{"vscode":"/root/.local/share/code-server/extensions/ms-ceintl.vscode-language-pack-zh-hans-1.45.1/translations/main.i18n.json","vscode.bat":"/root/.local/share/code-server/extensions/ms-ceintl.vscode-language-pack-zh-hans-1.45.1/translations/extensions/bat.i18n.json","vscode.clojure":"/root/.local/share/code-server/extensions/ms-ceintl.vscode-language-pack-zh-hans-1.45.1/translations/extensions/clojure.i18n.json","vscode.coffeescript":"/root/.local/share/code-server/extensions/ms-ceintl.vscode-language-pack-zh-hans-1.45.1/translations/extensions/coffeescript.i18n.json","vscode.configuration-editing":"/root/.local/share/code-server/extensions/ms-ceintl.vscode-language-pack-zh-hans-1.45.1/translations/extensions/configuration-editing.i18n.json","vscode.cpp":"/root/.local/share/code-server/extensions/ms-ceintl.vscode-language-pack-zh-hans-1.45.1/translations/extensions/cpp.i18n.json","vscode.csharp":"/root/.local/share/code-server/extensions/ms-ceintl.vscode-language-pack-zh-hans-1.45.1/translations/extensions/csharp.i18n.json","vscode.css-language-features":"/root/.local/share/code-server/extensions/ms-ceintl.vscode-language-pack-zh-hans-1.45.1/translations/extensions/css-language-features.i18n.json","vscode.css":"/root/.local/share/code-server/extensions/ms-ceintl.vscode-language-pack-zh-hans-1.45.1/translations/extensions/css.i18n.json","vscode.debug-auto-launch":"/root/.local/share/code-server/extensions/ms-ceintl.vscode-language-pack-zh-hans-1.45.1/translations/extensions/debug-auto-launch.i18n.json","vscode.debug-server-ready":"/root/.local/share/code-server/extensions/ms-ceintl.vscode-language-pack-zh-hans-1.45.1/translations/extensions/debug-server-ready.i18n.json","vscode.docker":"/root/.local/share/code-server/extensions/ms-ceintl.vscode-language-pack-zh-hans-1.45.1/translations/extensions/docker.i18n.json","vscode.emmet":"/root/.local/share/code-server/extensions/ms-ceintl.vscode-language-pack-zh-hans-1.45.1/translations/extensions/emmet.i18n.json","vscode.extension-editing":"/root/.local/share/code-server/extensions/ms-ceintl.vscode-language-pack-zh-hans-1.45.1/translations/extensions/extension-editing.i18n.json","vscode.fsharp":"/root/.local/share/code-server/extensions/ms-ceintl.vscode-language-pack-zh-hans-1.45.1/translations/extensions/fsharp.i18n.json","vscode.git-ui":"/root/.local/share/code-server/extensions/ms-ceintl.vscode-language-pack-zh-hans-1.45.1/translations/extensions/git-ui.i18n.json","vscode.git":"/root/.local/share/code-server/extensions/ms-ceintl.vscode-language-pack-zh-hans-1.45.1/translations/extensions/git.i18n.json","vscode.github-authentication":"/root/.local/share/code-server/extensions/ms-ceintl.vscode-language-pack-zh-hans-1.45.1/translations/extensions/github-authentication.i18n.json","vscode.go":"/root/.local/share/code-server/extensions/ms-ceintl.vscode-language-pack-zh-hans-1.45.1/translations/extensions/go.i18n.json","vscode.groovy":"/root/.local/share/code-server/extensions/ms-ceintl.vscode-language-pack-zh-hans-1.45.1/translations/extensions/groovy.i18n.json","vscode.grunt":"/root/.local/share/code-server/extensions/ms-ceintl.vscode-language-pack-zh-hans-1.45.1/translations/extensions/grunt.i18n.json","vscode.gulp":"/root/.local/share/code-server/extensions/ms-ceintl.vscode-language-pack-zh-hans-1.45.1/translations/extensions/gulp.i18n.json","vscode.handlebars":"/root/.local/share/code-server/extensions/ms-ceintl.vscode-language-pack-zh-hans-1.45.1/translations/extensions/handlebars.i18n.json","vscode.hlsl":"/root/.local/share/code-server/extensions/ms-ceintl.vscode-language-pack-zh-hans-1.45.1/translations/extensions/hlsl.i18n.json","vscode.html-language-features":"/root/.local/share/code-server/extensions/ms-ceintl.vscode-language-pack-zh-hans-1.45.1/translations/extensions/html-language-features.i18n.json","vscode.html":"/root/.local/share/code-server/extensions/ms-ceintl.vscode-language-pack-zh-hans-1.45.1/translations/extensions/html.i18n.json","vscode.image-preview":"/root/.local/share/code-server/extensions/ms-ceintl.vscode-language-pack-zh-hans-1.45.1/translations/extensions/image-preview.i18n.json","vscode.ini":"/root/.local/share/code-server/extensions/ms-ceintl.vscode-language-pack-zh-hans-1.45.1/translations/extensions/ini.i18n.json","vscode.jake":"/root/.local/share/code-server/extensions/ms-ceintl.vscode-language-pack-zh-hans-1.45.1/translations/extensions/jake.i18n.json","vscode.java":"/root/.local/share/code-server/extensions/ms-ceintl.vscode-language-pack-zh-hans-1.45.1/translations/extensions/java.i18n.json","vscode.javascript":"/root/.local/share/code-server/extensions/ms-ceintl.vscode-language-pack-zh-hans-1.45.1/translations/extensions/javascript.i18n.json","vscode.json-language-features":"/root/.local/share/code-server/extensions/ms-ceintl.vscode-language-pack-zh-hans-1.45.1/translations/extensions/json-language-features.i18n.json","vscode.json":"/root/.local/share/code-server/extensions/ms-ceintl.vscode-language-pack-zh-hans-1.45.1/translations/extensions/json.i18n.json","vscode.less":"/root/.local/share/code-server/extensions/ms-ceintl.vscode-language-pack-zh-hans-1.45.1/translations/extensions/less.i18n.json","vscode.log":"/root/.local/share/code-server/extensions/ms-ceintl.vscode-language-pack-zh-hans-1.45.1/translations/extensions/log.i18n.json","vscode.lua":"/root/.local/share/code-server/extensions/ms-ceintl.vscode-language-pack-zh-hans-1.45.1/translations/extensions/lua.i18n.json","vscode.make":"/root/.local/share/code-server/extensions/ms-ceintl.vscode-language-pack-zh-hans-1.45.1/translations/extensions/make.i18n.json","vscode.markdown-basics":"/root/.local/share/code-server/extensions/ms-ceintl.vscode-language-pack-zh-hans-1.45.1/translations/extensions/markdown-basics.i18n.json","vscode.markdown-language-features":"/root/.local/share/code-server/extensions/ms-ceintl.vscode-language-pack-zh-hans-1.45.1/translations/extensions/markdown-language-features.i18n.json","vscode.merge-conflict":"/root/.local/share/code-server/extensions/ms-ceintl.vscode-language-pack-zh-hans-1.45.1/translations/extensions/merge-conflict.i18n.json","vscode.ms-vscode.js-debug-nightly":"/root/.local/share/code-server/extensions/ms-ceintl.vscode-language-pack-zh-hans-1.45.1/translations/extensions/ms-vscode.js-debug-nightly.i18n.json","vscode.ms-vscode.node-debug":"/root/.local/share/code-server/extensions/ms-ceintl.vscode-language-pack-zh-hans-1.45.1/translations/extensions/ms-vscode.node-debug.i18n.json","vscode.ms-vscode.node-debug2":"/root/.local/share/code-server/extensions/ms-ceintl.vscode-language-pack-zh-hans-1.45.1/translations/extensions/ms-vscode.node-debug2.i18n.json","vscode.npm":"/root/.local/share/code-server/extensions/ms-ceintl.vscode-language-pack-zh-hans-1.45.1/translations/extensions/npm.i18n.json","vscode.objective-c":"/root/.local/share/code-server/extensions/ms-ceintl.vscode-language-pack-zh-hans-1.45.1/translations/extensions/objective-c.i18n.json","vscode.perl":"/root/.local/share/code-server/extensions/ms-ceintl.vscode-language-pack-zh-hans-1.45.1/translations/extensions/perl.i18n.json","vscode.php-language-features":"/root/.local/share/code-server/extensions/ms-ceintl.vscode-language-pack-zh-hans-1.45.1/translations/extensions/php-language-features.i18n.json","vscode.php":"/root/.local/share/code-server/extensions/ms-ceintl.vscode-language-pack-zh-hans-1.45.1/translations/extensions/php.i18n.json","vscode.powershell":"/root/.local/share/code-server/extensions/ms-ceintl.vscode-language-pack-zh-hans-1.45.1/translations/extensions/powershell.i18n.json","vscode.pug":"/root/.local/share/code-server/extensions/ms-ceintl.vscode-language-pack-zh-hans-1.45.1/translations/extensions/pug.i18n.json","vscode.python":"/root/.local/share/code-server/extensions/ms-ceintl.vscode-language-pack-zh-hans-1.45.1/translations/extensions/python.i18n.json","vscode.r":"/root/.local/share/code-server/extensions/ms-ceintl.vscode-language-pack-zh-hans-1.45.1/translations/extensions/r.i18n.json","vscode.razor":"/root/.local/share/code-server/extensions/ms-ceintl.vscode-language-pack-zh-hans-1.45.1/translations/extensions/razor.i18n.json","vscode.ruby":"/root/.local/share/code-server/extensions/ms-ceintl.vscode-language-pack-zh-hans-1.45.1/translations/extensions/ruby.i18n.json","vscode.rust":"/root/.local/share/code-server/extensions/ms-ceintl.vscode-language-pack-zh-hans-1.45.1/translations/extensions/rust.i18n.json","vscode.scss":"/root/.local/share/code-server/extensions/ms-ceintl.vscode-language-pack-zh-hans-1.45.1/translations/extensions/scss.i18n.json","vscode.search-result":"/root/.local/share/code-server/extensions/ms-ceintl.vscode-language-pack-zh-hans-1.45.1/translations/extensions/search-result.i18n.json","vscode.shaderlab":"/root/.local/share/code-server/extensions/ms-ceintl.vscode-language-pack-zh-hans-1.45.1/translations/extensions/shaderlab.i18n.json","vscode.shellscript":"/root/.local/share/code-server/extensions/ms-ceintl.vscode-language-pack-zh-hans-1.45.1/translations/extensions/shellscript.i18n.json","vscode.sql":"/root/.local/share/code-server/extensions/ms-ceintl.vscode-language-pack-zh-hans-1.45.1/translations/extensions/sql.i18n.json","vscode.swift":"/root/.local/share/code-server/extensions/ms-ceintl.vscode-language-pack-zh-hans-1.45.1/translations/extensions/swift.i18n.json","vscode.theme-abyss":"/root/.local/share/code-server/extensions/ms-ceintl.vscode-language-pack-zh-hans-1.45.1/translations/extensions/theme-abyss.i18n.json","vscode.theme-defaults":"/root/.local/share/code-server/extensions/ms-ceintl.vscode-language-pack-zh-hans-1.45.1/translations/extensions/theme-defaults.i18n.json","vscode.theme-kimbie-dark":"/root/.local/share/code-server/extensions/ms-ceintl.vscode-language-pack-zh-hans-1.45.1/translations/extensions/theme-kimbie-dark.i18n.json","vscode.theme-monokai-dimmed":"/root/.local/share/code-server/extensions/ms-ceintl.vscode-language-pack-zh-hans-1.45.1/translations/extensions/theme-monokai-dimmed.i18n.json","vscode.theme-monokai":"/root/.local/share/code-server/extensions/ms-ceintl.vscode-language-pack-zh-hans-1.45.1/translations/extensions/theme-monokai.i18n.json","vscode.theme-quietlight":"/root/.local/share/code-server/extensions/ms-ceintl.vscode-language-pack-zh-hans-1.45.1/translations/extensions/theme-quietlight.i18n.json","vscode.theme-red":"/root/.local/share/code-server/extensions/ms-ceintl.vscode-language-pack-zh-hans-1.45.1/translations/extensions/theme-red.i18n.json","vscode.theme-seti":"/root/.local/share/code-server/extensions/ms-ceintl.vscode-language-pack-zh-hans-1.45.1/translations/extensions/theme-seti.i18n.json","vscode.theme-solarized-dark":"/root/.local/share/code-server/extensions/ms-ceintl.vscode-language-pack-zh-hans-1.45.1/translations/extensions/theme-solarized-dark.i18n.json","vscode.theme-solarized-light":"/root/.local/share/code-server/extensions/ms-ceintl.vscode-language-pack-zh-hans-1.45.1/translations/extensions/theme-solarized-light.i18n.json","vscode.theme-tomorrow-night-blue":"/root/.local/share/code-server/extensions/ms-ceintl.vscode-language-pack-zh-hans-1.45.1/translations/extensions/theme-tomorrow-night-blue.i18n.json","vscode.typescript-basics":"/root/.local/share/code-server/extensions/ms-ceintl.vscode-language-pack-zh-hans-1.45.1/translations/extensions/typescript-basics.i18n.json","vscode.typescript-language-features":"/root/.local/share/code-server/extensions/ms-ceintl.vscode-language-pack-zh-hans-1.45.1/translations/extensions/typescript-language-features.i18n.json","vscode.vb":"/root/.local/share/code-server/extensions/ms-ceintl.vscode-language-pack-zh-hans-1.45.1/translations/extensions/vb.i18n.json","vscode.vscode-account":"/root/.local/share/code-server/extensions/ms-ceintl.vscode-language-pack-zh-hans-1.45.1/translations/extensions/vscode-account.i18n.json","vscode.vscode-chrome-debug-core":"/root/.local/share/code-server/extensions/ms-ceintl.vscode-language-pack-zh-hans-1.45.1/translations/extensions/vscode-chrome-debug-core.i18n.json","ms-vscode.node-debug":"/root/.local/share/code-server/extensions/ms-ceintl.vscode-language-pack-zh-hans-1.45.1/translations/extensions/vscode-node-debug.i18n.json","ms-vscode.node-debug2":"/root/.local/share/code-server/extensions/ms-ceintl.vscode-language-pack-zh-hans-1.45.1/translations/extensions/vscode-node-debug2.i18n.json","vscode.xml":"/root/.local/share/code-server/extensions/ms-ceintl.vscode-language-pack-zh-hans-1.45.1/translations/extensions/xml.i18n.json","vscode.yaml":"/root/.local/share/code-server/extensions/ms-ceintl.vscode-language-pack-zh-hans-1.45.1/translations/extensions/yaml.i18n.json"}}}