[["workbench.panel.repl.hidden","[{\"id\":\"workbench.panel.repl.view\",\"isHidden\":false}]"],["workbench.panel.markers.hidden","[{\"id\":\"workbench.panel.markers.view\",\"isHidden\":false}]"],["workbench.panel.output.hidden","[{\"id\":\"workbench.panel.output\",\"isHidden\":false}]"],["workbench.panel.terminal.hidden","[{\"id\":\"workbench.panel.terminal\",\"isHidden\":false}]"],["workbench.explorer.views.state.hidden","[{\"id\":\"outline\",\"isHidden\":false},{\"id\":\"timeline\",\"isHidden\":false},{\"id\":\"workbench.explorer.openEditorsView\",\"isHidden\":false},{\"id\":\"workbench.explorer.emptyView\",\"isHidden\":false},{\"id\":\"npm\",\"isHidden\":false},{\"id\":\"workbench.explorer.fileView\",\"isHidden\":false}]"],["workbench.view.search.state.hidden","[{\"id\":\"workbench.view.search\",\"isHidden\":false}]"],["workbench.panel.pinnedPanels","[{\"id\":\"workbench.panel.markers\",\"name\":\"问题\",\"pinned\":true,\"order\":0,\"visible\":true},{\"id\":\"workbench.panel.output\",\"name\":\"输出\",\"pinned\":true,\"order\":1,\"visible\":true},{\"id\":\"workbench.panel.terminal\",\"name\":\"终端\",\"pinned\":true,\"order\":3,\"visible\":true},{\"id\":\"workbench.panel.repl\",\"name\":\"调试控制台\",\"pinned\":true,\"order\":3,\"visible\":true},{\"id\":\"refactorPreview\",\"name\":\"重构预览\",\"pinned\":true,\"visible\":false}]"],["workbench.activity.pinnedViewlets2","[{\"id\":\"workbench.view.explorer\",\"pinned\":true,\"visible\":true,\"order\":0},{\"id\":\"workbench.view.search\",\"pinned\":true,\"visible\":true,\"order\":1},{\"id\":\"workbench.view.scm\",\"pinned\":true,\"visible\":true,\"order\":2},{\"id\":\"workbench.view.debug\",\"pinned\":true,\"visible\":true,\"order\":2},{\"id\":\"workbench.view.extensions\",\"pinned\":true,\"visible\":true,\"order\":4},{\"id\":\"workbench.view.remote\",\"pinned\":true,\"visible\":false,\"order\":4},{\"id\":\"workbench.view.extension.references-view\",\"pinned\":true,\"visible\":false,\"order\":7},{\"id\":\"workbench.view.sync\",\"pinned\":true,\"visible\":false}]"],["workbench.activity.placeholderViewlets","[{\"id\":\"workbench.view.explorer\",\"iconCSS\":\"codicon codicon-files\",\"name\":\"资源管理器\",\"views\":[{\"when\":\"openEditorsVisible\"},{},{},{},{\"when\":\"config.npm.enableScriptExplorer || npm:showScriptExplorer\"}]},{\"id\":\"workbench.view.search\",\"iconCSS\":\"codicon codicon-search\",\"name\":\"搜索\",\"views\":[{}]},{\"id\":\"workbench.view.scm\",\"iconCSS\":\"codicon codicon-source-control\",\"name\":\"源代码管理\",\"views\":[]},{\"id\":\"workbench.view.debug\",\"iconCSS\":\"codicon-debug-alt-2\",\"name\":\"运行\",\"views\":[{\"when\":\"debugUx == 'default'\"},{\"when\":\"debugUx == 'simple'\"},{\"when\":\"debugUx == 'default'\"},{\"when\":\"debugUx == 'default'\"},{\"when\":\"loadedScriptsSupported && debugUx == 'default'\"},{\"when\":\"breakpointsExist || debugUx == 'default'\"},{\"when\":\"debugConfigurationType == 'pwa-chrome'\"}]},{\"id\":\"workbench.view.extensions\",\"iconCSS\":\"codicon-extensions\",\"name\":\"扩展\",\"views\":[{\"when\":\"defaultExtensionViews && hasInstalledExtensions && remoteName == ''\"},{\"when\":\"defaultExtensionViews && !hasInstalledExtensions\"},{\"when\":\"searchEnabledExtensions\"},{\"when\":\"nonEmptyWorkspace && recommendedExtensions\"},{\"when\":\"defaultExtensionViews && hasInstalledExtensions && remoteName != ''\"},{\"when\":\"defaultExtensionViews && defaultRecommendedExtensions\"},{\"when\":\"recommendedExtensions\"},{\"when\":\"defaultExtensionViews && hasInstalledExtensions && remoteName == ''\"},{\"when\":\"searchDisabledExtensions\"},{\"when\":\"searchMarketplaceExtensions\"},{\"when\":\"searchBuiltInExtensions\"},{\"when\":\"searchBuiltInExtensions\"},{\"when\":\"searchBuiltInExtensions\"},{\"when\":\"searchInstalledExtensions\"},{\"when\":\"searchOutdatedExtensions\"}]},{\"id\":\"workbench.view.remote\",\"iconCSS\":\"codicon-remote-explorer\",\"name\":\"远程资源管理器\",\"views\":[]},{\"id\":\"workbench.view.extension.references-view\",\"name\":\"References\",\"views\":[{\"when\":\"reference-list.isActive\"}]},{\"id\":\"workbench.view.sync\",\"iconCSS\":\"codicon codicon-sync\",\"name\":\"首选项同步\",\"views\":[{\"when\":\"showUserDataSyncRemoteBackupView && syncEnabled\"},{\"when\":\"showUserDataSyncLocalBackupView && syncEnabled\"}]}]"],["productIconThemeData","{\"id\":\"\",\"label\":\"默认值\",\"settingsId\":\"Default\",\"watch\":false}"],["workbench.view.debug.state.hidden","[{\"id\":\"workbench.debug.variablesView\",\"isHidden\":false},{\"id\":\"workbench.debug.welcome\",\"isHidden\":false},{\"id\":\"workbench.debug.watchExpressionsView\",\"isHidden\":false},{\"id\":\"workbench.debug.callStackView\",\"isHidden\":false},{\"id\":\"workbench.debug.loadedScriptsView\",\"isHidden\":false},{\"id\":\"workbench.debug.breakPointsView\",\"isHidden\":false},{\"id\":\"jsBrowserBreakpoints\",\"isHidden\":false}]"],["releaseNotes/lastVersion","1.45.1"],["colorThemeData","{\"id\":\"vs-dark vscode-theme-defaults-themes-dark_plus-json\",\"label\":\"Dark+ (default dark)\",\"settingsId\":\"Default Dark+\",\"selector\":\"vs-dark.vscode-theme-defaults-themes-dark_plus-json\",\"themeTokenColors\":[{\"scope\":[\"meta.embedded\",\"source.groovy.embedded\"],\"settings\":{\"foreground\":\"#D4D4D4\"}},{\"scope\":\"emphasis\",\"settings\":{\"fontStyle\":\"italic\"}},{\"scope\":\"strong\",\"settings\":{\"fontStyle\":\"bold\"}},{\"scope\":\"header\",\"settings\":{\"foreground\":\"#000080\"}},{\"scope\":\"comment\",\"settings\":{\"foreground\":\"#6A9955\"}},{\"scope\":\"constant.language\",\"settings\":{\"foreground\":\"#569cd6\"}},{\"scope\":[\"constant.numeric\",\"entity.name.operator.custom-literal.number\",\"variable.other.enummember\",\"keyword.operator.plus.exponent\",\"keyword.operator.minus.exponent\"],\"settings\":{\"foreground\":\"#b5cea8\"}},{\"scope\":\"constant.regexp\",\"settings\":{\"foreground\":\"#646695\"}},{\"scope\":\"entity.name.tag\",\"settings\":{\"foreground\":\"#569cd6\"}},{\"scope\":\"entity.name.tag.css\",\"settings\":{\"foreground\":\"#d7ba7d\"}},{\"scope\":\"entity.other.attribute-name\",\"settings\":{\"foreground\":\"#9cdcfe\"}},{\"scope\":[\"entity.other.attribute-name.class.css\",\"entity.other.attribute-name.class.mixin.css\",\"entity.other.attribute-name.id.css\",\"entity.other.attribute-name.parent-selector.css\",\"entity.other.attribute-name.pseudo-class.css\",\"entity.other.attribute-name.pseudo-element.css\",\"source.css.less entity.other.attribute-name.id\",\"entity.other.attribute-name.attribute.scss\",\"entity.other.attribute-name.scss\"],\"settings\":{\"foreground\":\"#d7ba7d\"}},{\"scope\":\"invalid\",\"settings\":{\"foreground\":\"#f44747\"}},{\"scope\":\"markup.underline\",\"settings\":{\"fontStyle\":\"underline\"}},{\"scope\":\"markup.bold\",\"settings\":{\"fontStyle\":\"bold\",\"foreground\":\"#569cd6\"}},{\"scope\":\"markup.heading\",\"settings\":{\"fontStyle\":\"bold\",\"foreground\":\"#569cd6\"}},{\"scope\":\"markup.italic\",\"settings\":{\"fontStyle\":\"italic\"}},{\"scope\":\"markup.inserted\",\"settings\":{\"foreground\":\"#b5cea8\"}},{\"scope\":\"markup.deleted\",\"settings\":{\"foreground\":\"#ce9178\"}},{\"scope\":\"markup.changed\",\"settings\":{\"foreground\":\"#569cd6\"}},{\"scope\":\"punctuation.definition.quote.begin.markdown\",\"settings\":{\"foreground\":\"#6A9955\"}},{\"scope\":\"punctuation.definition.list.begin.markdown\",\"settings\":{\"foreground\":\"#6796e6\"}},{\"scope\":\"markup.inline.raw\",\"settings\":{\"foreground\":\"#ce9178\"}},{\"name\":\"brackets of XML/HTML tags\",\"scope\":\"punctuation.definition.tag\",\"settings\":{\"foreground\":\"#808080\"}},{\"scope\":[\"meta.preprocessor\",\"entity.name.function.preprocessor\"],\"settings\":{\"foreground\":\"#569cd6\"}},{\"scope\":\"meta.preprocessor.string\",\"settings\":{\"foreground\":\"#ce9178\"}},{\"scope\":\"meta.preprocessor.numeric\",\"settings\":{\"foreground\":\"#b5cea8\"}},{\"scope\":\"meta.structure.dictionary.key.python\",\"settings\":{\"foreground\":\"#9cdcfe\"}},{\"scope\":\"meta.diff.header\",\"settings\":{\"foreground\":\"#569cd6\"}},{\"scope\":\"storage\",\"settings\":{\"foreground\":\"#569cd6\"}},{\"scope\":\"storage.type\",\"settings\":{\"foreground\":\"#569cd6\"}},{\"scope\":[\"storage.modifier\",\"keyword.operator.noexcept\"],\"settings\":{\"foreground\":\"#569cd6\"}},{\"scope\":[\"string\",\"entity.name.operator.custom-literal.string\",\"meta.embedded.assembly\"],\"settings\":{\"foreground\":\"#ce9178\"}},{\"scope\":\"string.tag\",\"settings\":{\"foreground\":\"#ce9178\"}},{\"scope\":\"string.value\",\"settings\":{\"foreground\":\"#ce9178\"}},{\"scope\":\"string.regexp\",\"settings\":{\"foreground\":\"#d16969\"}},{\"name\":\"String interpolation\",\"scope\":[\"punctuation.definition.template-expression.begin\",\"punctuation.definition.template-expression.end\",\"punctuation.section.embedded\"],\"settings\":{\"foreground\":\"#569cd6\"}},{\"name\":\"Reset JavaScript string interpolation expression\",\"scope\":[\"meta.template.expression\"],\"settings\":{\"foreground\":\"#d4d4d4\"}},{\"scope\":[\"support.type.vendored.property-name\",\"support.type.property-name\",\"variable.css\",\"variable.scss\",\"variable.other.less\",\"source.coffee.embedded\"],\"settings\":{\"foreground\":\"#9cdcfe\"}},{\"scope\":\"keyword\",\"settings\":{\"foreground\":\"#569cd6\"}},{\"scope\":\"keyword.control\",\"settings\":{\"foreground\":\"#569cd6\"}},{\"scope\":\"keyword.operator\",\"settings\":{\"foreground\":\"#d4d4d4\"}},{\"scope\":[\"keyword.operator.new\",\"keyword.operator.expression\",\"keyword.operator.cast\",\"keyword.operator.sizeof\",\"keyword.operator.alignof\",\"keyword.operator.typeid\",\"keyword.operator.alignas\",\"keyword.operator.instanceof\",\"keyword.operator.logical.python\",\"keyword.operator.wordlike\"],\"settings\":{\"foreground\":\"#569cd6\"}},{\"scope\":\"keyword.other.unit\",\"settings\":{\"foreground\":\"#b5cea8\"}},{\"scope\":[\"punctuation.section.embedded.begin.php\",\"punctuation.section.embedded.end.php\"],\"settings\":{\"foreground\":\"#569cd6\"}},{\"scope\":\"support.function.git-rebase\",\"settings\":{\"foreground\":\"#9cdcfe\"}},{\"scope\":\"constant.sha.git-rebase\",\"settings\":{\"foreground\":\"#b5cea8\"}},{\"name\":\"coloring of the Java import and package identifiers\",\"scope\":[\"storage.modifier.import.java\",\"variable.language.wildcard.java\",\"storage.modifier.package.java\"],\"settings\":{\"foreground\":\"#d4d4d4\"}},{\"name\":\"this.self\",\"scope\":\"variable.language\",\"settings\":{\"foreground\":\"#569cd6\"}},{\"name\":\"Function declarations\",\"scope\":[\"entity.name.function\",\"support.function\",\"support.constant.handlebars\",\"source.powershell variable.other.member\",\"entity.name.operator.custom-literal\"],\"settings\":{\"foreground\":\"#DCDCAA\"}},{\"name\":\"Types declaration and references\",\"scope\":[\"meta.return-type\",\"support.class\",\"support.type\",\"entity.name.type\",\"entity.name.namespace\",\"entity.other.attribute\",\"entity.name.scope-resolution\",\"entity.name.class\",\"storage.type.numeric.go\",\"storage.type.byte.go\",\"storage.type.boolean.go\",\"storage.type.string.go\",\"storage.type.uintptr.go\",\"storage.type.error.go\",\"storage.type.rune.go\",\"storage.type.cs\",\"storage.type.generic.cs\",\"storage.type.modifier.cs\",\"storage.type.variable.cs\",\"storage.type.annotation.java\",\"storage.type.generic.java\",\"storage.type.java\",\"storage.type.object.array.java\",\"storage.type.primitive.array.java\",\"storage.type.primitive.java\",\"storage.type.token.java\",\"storage.type.groovy\",\"storage.type.annotation.groovy\",\"storage.type.parameters.groovy\",\"storage.type.generic.groovy\",\"storage.type.object.array.groovy\",\"storage.type.primitive.array.groovy\",\"storage.type.primitive.groovy\"],\"settings\":{\"foreground\":\"#4EC9B0\"}},{\"name\":\"Types declaration and references, TS grammar specific\",\"scope\":[\"meta.type.cast.expr\",\"meta.type.new.expr\",\"support.constant.math\",\"support.constant.dom\",\"support.constant.json\",\"entity.other.inherited-class\"],\"settings\":{\"foreground\":\"#4EC9B0\"}},{\"name\":\"Control flow / Special keywords\",\"scope\":[\"keyword.control\",\"source.cpp keyword.operator.new\",\"keyword.operator.delete\",\"keyword.other.using\",\"keyword.other.operator\",\"entity.name.operator\"],\"settings\":{\"foreground\":\"#C586C0\"}},{\"name\":\"Variable and parameter name\",\"scope\":[\"variable\",\"meta.definition.variable.name\",\"support.variable\",\"entity.name.variable\"],\"settings\":{\"foreground\":\"#9CDCFE\"}},{\"name\":\"Constants and enums\",\"scope\":[\"variable.other.constant\",\"variable.other.enummember\"],\"settings\":{\"foreground\":\"#51B6C4\"}},{\"name\":\"Object keys, TS grammar specific\",\"scope\":[\"meta.object-literal.key\"],\"settings\":{\"foreground\":\"#9CDCFE\"}},{\"name\":\"CSS property value\",\"scope\":[\"support.constant.property-value\",\"support.constant.font-name\",\"support.constant.media-type\",\"support.constant.media\",\"constant.other.color.rgb-value\",\"constant.other.rgb-value\",\"support.constant.color\"],\"settings\":{\"foreground\":\"#CE9178\"}},{\"name\":\"Regular expression groups\",\"scope\":[\"punctuation.definition.group.regexp\",\"punctuation.definition.group.assertion.regexp\",\"punctuation.definition.character-class.regexp\",\"punctuation.character.set.begin.regexp\",\"punctuation.character.set.end.regexp\",\"keyword.operator.negation.regexp\",\"support.other.parenthesis.regexp\"],\"settings\":{\"foreground\":\"#CE9178\"}},{\"scope\":[\"constant.character.character-class.regexp\",\"constant.other.character-class.set.regexp\",\"constant.other.character-class.regexp\",\"constant.character.set.regexp\"],\"settings\":{\"foreground\":\"#d16969\"}},{\"scope\":[\"keyword.operator.or.regexp\",\"keyword.control.anchor.regexp\"],\"settings\":{\"foreground\":\"#DCDCAA\"}},{\"scope\":\"keyword.operator.quantifier.regexp\",\"settings\":{\"foreground\":\"#d7ba7d\"}},{\"scope\":\"constant.character\",\"settings\":{\"foreground\":\"#569cd6\"}},{\"scope\":\"constant.character.escape\",\"settings\":{\"foreground\":\"#d7ba7d\"}},{\"scope\":\"entity.name.label\",\"settings\":{\"foreground\":\"#C8C8C8\"}}],\"semanticTokenRules\":[],\"extensionData\":{\"_extensionId\":\"vscode.theme-defaults\",\"_extensionIsBuiltin\":true,\"_extensionLocation\":{\"$mid\":1,\"path\":\"/usr/lib/code-server/lib/vscode/extensions/theme-defaults\",\"scheme\":\"vscode-remote\",\"authority\":\"192.168.117.98:8777\"},\"_extensionName\":\"theme-defaults\",\"_extensionPublisher\":\"vscode\"},\"location\":{\"$mid\":1,\"path\":\"/usr/lib/code-server/lib/vscode/extensions/theme-defaults/themes/dark_plus.json\",\"scheme\":\"vscode-remote\",\"authority\":\"192.168.117.98:8777\"},\"themeSemanticHighlighting\":true,\"colorMap\":{\"editor.background\":\"#1e1e1e\",\"editor.foreground\":\"#d4d4d4\",\"editor.inactiveSelectionBackground\":\"#3a3d41\",\"editorIndentGuide.background\":\"#404040\",\"editorIndentGuide.activeBackground\":\"#707070\",\"editor.selectionHighlightBackground\":\"#add6ff26\",\"list.dropBackground\":\"#383b3d\",\"activityBarBadge.background\":\"#007acc\",\"sideBarTitle.foreground\":\"#bbbbbb\",\"input.placeholderForeground\":\"#a6a6a6\",\"settings.textInputBackground\":\"#292929\",\"settings.numberInputBackground\":\"#292929\",\"menu.background\":\"#252526\",\"menu.foreground\":\"#cccccc\",\"statusBarItem.remoteForeground\":\"#ffffff\",\"statusBarItem.remoteBackground\":\"#16825d\",\"sideBarSectionHeader.background\":\"#00000000\",\"sideBarSectionHeader.border\":\"#cccccc33\"},\"watch\":false}"],["extensions.ignoredAutoUpdateExtension","[]"],["storage.serviceMachineId","9dafb85c-cc1f-45e0-b92b-aa1974c47173"],["workbench.sidebar.size","300"],["workbench.panel.size","293"],["workbench.panel.dimension","bottom"],["workbench.grid.width","1745"],["workbench.grid.height","881"],["extensionsAssistant/recommendations","{}"],["recently.opened","{\"workspaces3\":[\"vscode-remote://192.168.117.98:8777/home/Samples\",\"vscode-remote://192.168.117.98:8777/home/Samples/HelloDavinci\"],\"files2\":[\"vscode-remote://192.168.117.98:8777/root/.config/code-server/config.yaml\",\"vscode-remote://192.168.117.98:8777/home/doc/guide_CN.md\",\"vscode-remote://192.168.117.98:8777/root/.bashrc\"],\"fileLabels\":[\"/root/.config/code-server/config.yaml\",\"/home/doc/guide_CN.md\",\"/root/.bashrc\"]}"],["debug.actionswidgety","0"],["commandPalette.mru.cache","{\"usesLRU\":true,\"entries\":[{\"key\":\"workbench.action.files.openFolder\",\"value\":1},{\"key\":\"workbench.action.files.openFile\",\"value\":3}]}"],["commandPalette.mru.counter","4"],["workbench.panel.lastNonMaximizedHeight","293"],["workbench.view.extensions.state.hidden","[{\"id\":\"extensions.enabledExtensionList\",\"isHidden\":false},{\"id\":\"extensions.popularExtensionsList\",\"isHidden\":false},{\"id\":\"extensions.enabledExtensionList2\",\"isHidden\":false},{\"id\":\"extensions.workspaceRecommendedList\",\"isHidden\":false},{\"id\":\"extensions.192.168.117.98:8777.default\",\"isHidden\":false},{\"id\":\"extensions.recommendedList\",\"isHidden\":false},{\"id\":\"extensions.otherrecommendedList\",\"isHidden\":false},{\"id\":\"extensions.disabledExtensionList\",\"isHidden\":false},{\"id\":\"extensions.disabledExtensionList2\",\"isHidden\":false},{\"id\":\"extensions.listView\",\"isHidden\":false},{\"id\":\"extensions.builtInExtensionsList\",\"isHidden\":false},{\"id\":\"extensions.builtInBasicsExtensionsList\",\"isHidden\":false},{\"id\":\"extensions.builtInThemesExtensionsList\",\"isHidden\":false},{\"id\":\"extensions.192.168.117.98:8777.installed\",\"isHidden\":false},{\"id\":\"extensions.192.168.117.98:8777.outdated\",\"isHidden\":false}]"],["workbench.scm.views.state.hidden","[{\"id\":\"workbench.scm\",\"isHidden\":false},{\"id\":\"scm.mainPane\",\"isHidden\":false}]"]]