{"features/documentLinkProvider":["转到链接"],"features/previewContentProvider":["已禁用此文档中的部分内容","已禁用此 Markdown 预览中的可能不安全的内容。更改 Markdown 预览安全设置以允许不安全内容或启用脚本。","已禁用内容安全警告","找不到 {0}"],"features/preview":["无法加载 \"markdown.styles\": {0}","无法打开 {0}","[预览] {0}","预览 {0}"],"security":["严格","仅载入安全内容","允许不安全的本地内容","允许通过 http 载入来自 localhost 的内容","允许不安全内容","允许通过 http 载入内容","禁用","允许所有内容，执行所有脚本。不推荐","更多信息","在此工作区中启用预览安全警告","在此工作区中取消预览安全警告","不影响内容安全级别","选择此工作区中 Markdown 预览的安全设置"]}