{"repository":["已修改索引","已修改","已添加索引","已删除索引","已删除","已重命名索引","已复制索引","未跟踪的","已忽略","打算添加","两者均已删除","已由我们添加","已被他们删除","已由他们添加","已被我们删除","两者均已添加","二者均已修改","打开","提交","合并更改","暂存的更改","更改","未跟踪的更改","已成功推送。","无法在变基过程中修改提交消息。请完成变基操作，并改用交互式变基。","当前提交消息仅包含空白字符","当前行剩余 {0} 个字符","当前行比 {1} 超出 {0} 个字符","正在同步。取消可能会导致存储库出现严重损坏","Git 存储库“{0}”中存在大量活动更改，将仅启用部分 Git 功能。","不再显示","是否要将“{0}”添加到 .gitignore?","是","消息({0} 在“{1}”提交)","消息({0} 待提交)"],"timelineProvider":["Git 历史记录","你","暂存的更改","{0} \\u2014 {1}\n{2}\n\n{3}","索引","未提交的更改","{0} \\u2014 {1}\n{2}\n\n{3}","工作树"],"main":["正在查找 Git: {0}","将使用位于 {1} 的 Git {0}","下载 Git","不再显示","未找到 Git。请安装 Git，或在 \"git.path\" 设置中配置。","更新 GIT","不再显示","似乎已安装 GIT {0}。Code 非常适合 GIT >= 2"],"model":["\"git.scanRepositories\" 设置中不支持绝对路径。","“{0}”存储库中的 {1} 个子模块将不会自动打开。您仍可以通过打开其中的文件来单独打开每个子模块。","没有可用存储库","选择存储库"],"autofetch":["是","否","稍后询问","您希望 Code [定期运行 \"git fetch\"]({0}) 吗?"],"statusbar":["正在变基","同步更改","发布更改","正在同步更改..."],"commands":["{0} 处的标记","{0} 处的远程分支","正在创建新分支...","从...创建分支","添加一个新远程...","存储库名称(键入内容进行搜索)","存储库名称","未找到远程存储库。","$(error) 错误: {0}","当前","选择日志级别","日志级别更改为: {0}","{0} (索引)","{0} (工作树)","{0} (他们的)","{0} (我们的)","{0} (未跟踪)","从 {0} 克隆","提供存储库 URL。","提供存储库 URL 或选择存储库源。","存储库 URL","选择要从中进行克隆的 URL。","选择存储库位置","正在克隆 Git 存储库“{0}”...","是否要打开已克隆存储库?","打开","在新窗口中打开","添加到工作区","您是希望打开克隆的存储库，还是将其添加到当前工作区?","选择用于初始化 Git 储存库的工作区文件夹","选择文件夹...","初始化存储库","初始化存储库","将在“{0}”中创建 Git 存储库。确定要继续吗？","是否打开初始化的存储库?","打开","在新窗口中打开","添加到工作区","您是希望打开初始化的存储库，还是将其添加到当前工作区?","打开存储库","“{0}”的 HEAD 版本不可用。","确定要暂存含有合并冲突的 {0} 个文件吗?","确定要暂存含有合并冲突的 {0} 吗?","是","确定要暂存含有合并冲突的 {0} 个文件吗?","确定要暂存含有合并冲突的 {0} 吗?","是","保留“我们”的版本","删除文件","文件“{0}”已被他们删除且已被我们修改。\n\n你想要执行什么操作?","保留“他们”的版本","删除文件","文件“{0}”已被我们删除且已被他们修改。\n\n你想要执行什么操作?","放弃更改","确定要删除 {0} 吗?\n此操作不可撤消!\n此文件将被永久删除。","删除文件","恢复文件","是否确实要还原 {0}?","确定要放弃 {0} 中更改吗?","恢复文件","是否确定要还原 {0} 个文件?","是否确实要放弃 {0} 文件中的更改?","这将删除 {0} 个未跟踪的文件!\n此操作不可撤消!\n这些文件将被永久删除。","若放弃下面未跟踪的文件，其将被从硬盘上删除: {0}。","若放弃 {0} 个未跟踪的文件，其将被从硬盘上删除。","{0}\n\n此操作不可撤销，你当前的工作集将会永远丢失。","放弃 1 个已跟踪的文件","放弃 {0} 个已跟踪的文件","放弃所有 {0} 个文件","确定要放弃 {0} 中更改吗?","确定要放弃在 {0} 个文件中的所有更改吗？\n此操作不可撤销!\n你当前的工作集将会永远丢失。","放弃 1 个文件","放弃所有 {0} 个文件","确定要删除 {0} 吗?\n此操作不可撤消!\n此文件将被永久删除。","删除文件","是否确定要删除 {0} 个文件?","删除文件","以下文件具有未保存的更改；如果继续，则提交内容将不包含这些更改: {0}。\n\n你想在提交之前保存它吗?","当前有 {0} 个文件尚未保存。\n\n您要在提交之前保存吗?","全部保存并提交","仍要提交","现在没有暂存的更改以供提交\n\n是否要直接自动暂存所有更改并提交？","是","总是","从不","没有要提交的更改。","消息（在\"{0}\"上提交）","提交消息","请提供提交消息","是否确定要创建空提交?","是","确定，且不再显示","无法撤消，因为 HEAD 不指向任何提交。","撤消合并提交","最后一个提交是合并提交。是否确实要撤消它？","选择要签出的 ref","分支名称","请提供新的分支名称","分支名称必须匹配正则表达式: {0}","选择一个 ref 创建 \"{0}\" 分支","选择要删除的分支","“{0}”分支未被完全合并。是否仍要删除？","删除分支","分支名称无效","已存在名为“{0}”的分支","选择要从其合并的分支","标记名称","已成功带标记进行推送。","消息","请提供消息以对标记进行注释","此存储库没有标记。","选择要删除的标记","此存储库未配置可以从中抓取的远程存储库。","此存储库未配置可以从中抓取的远程存储库。","此存储库未配置可以从中抓取的远程存储库。","存储库未配置任何从其中进行拉取的远程存储库。","选择要从其拉取分支的远程位置","选择拉取的来源分支","存储库未配置任何从其中进行拉取的远程存储库。","存储库未配置任何从其中进行拉取的远程存储库。","存储库未配置任何要推送到的远程存储库。","不允许强制推送，请启用 \"git. allowForcePush\" 设置。","即将强制推送更改，此操作可能具有破坏性并可能在无意中覆盖其他人的更改。\n\n是否继续?","确定","确定，且不再询问","请签出一个分支以推送到远程。","分支“{0}”没有上游分支。您要发布此分支吗?","确定","选取要将分支“{0}”发布到的远程:","远程存储库名称","请提供远程存储库名称","远程仓库名称格式无效","远程存储库“{0}”已存在。","远程存储库 URL","输入远程仓库 \"{0}\" 的 URL","您的存储库中没有远程存储库。","选择要删除的远程库","分支“{0}”没有上游分支。您要发布此分支吗?","确定","此操作会将提交项推送到“{0}/{1}”并从中拉取提交项。","确定","确定，且不再显示","存储库未配置任何要发布到的远程存储库。","选取要将分支“{0}”发布到的远程:","没有要储藏的更改。","提供储藏消息(可选)","储藏消息","选择要弹出的储藏","此存储库中没有储藏。","选择要应用的储藏","此存储库中没有储藏。","选择要删除的储藏","此存储库中没有储藏。","{0} (工作树)","{0} (索引)","{0} ({1}) ⟷ {0} ({2})","打开 GIT 日志","在签出前，请清理存储库工作树。","无法推送 refs 到远端。您可以试着运行“拉取”功能，整合您的更改。","存在合并冲突。请在提交之前解决这些冲突。","在应用储藏时存在合并冲突。","未能对 git remote 进行身份验证:\n\n{0}","未能对 git remote 进行身份验证。","请确保已在 Git 中配置您的 \"user.name\" 和 \"user.email\"。","了解详细信息","Git: {0}","Git 错误"],"askpass-main":["凭据丢失或无效。"]}